Name,X,Y,Z,X_WGS,Y_WGS,Z_WGS,ΔX_diff,ΔY_diff,ΔZ_diff,|Δr|
YO8cD,494802.299,516482.068,980984.949,494801.94887690264,516483.43628972967,980984.338868703,-0.35012309736339375,1.3682897296384908,-0.6101312970276922,1.5385262971929357
DXpou,930973.825,623722.295,133056.266,930973.3578954313,623723.048956125,133055.5049668474,-0.4671045686118305,0.7539561250014231,-0.7610331526084337,1.1686778751282738
AFmLk,641093.754,866480.906,371829.352,641093.1113923087,866481.7098792781,371828.33719270345,-0.642607691232115,0.803879278129898,-1.0148072965675965,1.4453374650247426
qaCRw,368282.386,961163.627,816611.217,368281.69007277867,961164.7216492544,816610.1151783526,-0.6959272213280201,1.094649254460819,-1.1018216473748907,1.7019349665310024
FvEqO,405641.566,412969.222,279262.315,405641.2590742336,412969.73914358334,279261.816194888,-0.3069257664028555,0.5171435833326541,-0.4988051120308228,0.7813113666472539
4XNcG,693929.49,262059.462,216063.824,693929.297604202,262060.1248966842,216063.47873508235,-0.19239579804707319,0.662896684196312,-0.3452649176470004,0.7717875487350293
CW0Y2,615860.448,602202.078,298136.138,615860.0013933104,602202.7774505457,298135.41822151386,-0.4466066895984113,0.6994505457114428,-0.7197784861200489,1.0985306869502356
in6rK,852414.537,549001.611,235127.643,852414.1304132321,549002.4184612341,235126.97031926946,-0.40658676787279546,0.807461234042421,-0.6726807305531111,1.1268566055838796
ZqoHy,978346.621,192684.455,353769.401,978346.491162329,192685.48572308157,353769.1209567092,-0.12983767106197774,1.0307230815815274,-0.28004329081159085,1.0759517351908976
o9sBP,993347.858,457877.38,414335.609,993347.5307107874,457878.4927866237,414335.03324715584,-0.3272892126115039,1.1127866237075068,-0.5757528441608883,1.2949531405242287
